{"cameraMode":{"drawMode":0,"name":"Shaded","section":"Shading Mode"},"sceneLighting":true,"audioPlay":false,"sceneViewState":{"m_AlwaysRefresh":false,"showFog":true,"showSkybox":true,"showFlares":true,"showImageEffects":true,"showParticleSystems":true,"showVisualEffectGraphs":true,"m_FxEnabled":true},"in2DMode":false,"pivot":{"x":8.471925735473633,"y":39.94805908203125,"z":513.07373046875},"rotation":{"x":-0.029082829132676126,"y":0.014655062928795815,"z":0.0009329288732260466,"w":0.9997363686561585},"size":157.89295959472657,"orthographic":false}