{"cameraMode":{"drawMode":0,"name":"Shaded","section":"Shading Mode"},"sceneLighting":false,"audioPlay":false,"sceneViewState":{"m_AlwaysRefresh":false,"showFog":true,"showSkybox":false,"showFlares":true,"showImageEffects":true,"showParticleSystems":true,"showVisualEffectGraphs":true,"m_FxEnabled":true},"in2DMode":false,"pivot":{"x":1.1056091785430909,"y":-18.77581024169922,"z":63.067317962646487},"rotation":{"x":0.3861220180988312,"y":-0.009825687855482102,"z":0.004260451067239046,"w":0.9225144386291504},"size":35.56122589111328,"orthographic":false}