{"cameraMode":{"drawMode":0,"name":"Shaded","section":"Shading Mode"},"sceneLighting":false,"audioPlay":false,"sceneViewState":{"m_AlwaysRefresh":false,"showFog":true,"showSkybox":false,"showFlares":true,"showImageEffects":true,"showParticleSystems":true,"showVisualEffectGraphs":true,"m_FxEnabled":true},"in2DMode":false,"pivot":{"x":196.2721405029297,"y":18.726491928100587,"z":-186.41123962402345},"rotation":{"x":0.12517356872558595,"y":0.43257248401641848,"z":-0.05995403602719307,"w":0.8910877108573914},"size":129.25035095214845,"orthographic":false}