{"cameraMode":{"drawMode":0,"name":"Shaded","section":"Shading Mode"},"sceneLighting":false,"audioPlay":false,"sceneViewState":{"m_AlwaysRefresh":false,"showFog":true,"showSkybox":false,"showFlares":true,"showImageEffects":true,"showParticleSystems":true,"showVisualEffectGraphs":true,"m_FxEnabled":true},"in2DMode":false,"pivot":{"x":-8.735204696655274,"y":-42.000274658203128,"z":132.38180541992188},"rotation":{"x":-0.22485890984535218,"y":0.03233881667256355,"z":-0.007584909908473492,"w":-0.9739536046981812},"size":57.59377670288086,"orthographic":false}