{"cameraMode":{"drawMode":0,"name":"Shaded","section":"Shading Mode"},"sceneLighting":false,"audioPlay":false,"sceneViewState":{"m_AlwaysRefresh":false,"showFog":true,"showSkybox":false,"showFlares":true,"showImageEffects":true,"showParticleSystems":true,"showVisualEffectGraphs":true,"m_FxEnabled":true},"in2DMode":false,"pivot":{"x":-0.38954922556877139,"y":36.387516021728519,"z":17.99629020690918},"rotation":{"x":-0.45286622643470766,"y":0.12459348887205124,"z":-0.06419748812913895,"w":-0.8806268572807312},"size":8.671812057495118,"orthographic":false}