{"cameraMode":{"drawMode":0,"name":"Shaded","section":"Shading Mode"},"sceneLighting":false,"audioPlay":false,"sceneViewState":{"m_AlwaysRefresh":false,"showFog":true,"showSkybox":false,"showFlares":true,"showImageEffects":true,"showParticleSystems":true,"showVisualEffectGraphs":true,"m_FxEnabled":true},"in2DMode":false,"pivot":{"x":320.9523620605469,"y":101.55919647216797,"z":-557.1300048828125},"rotation":{"x":0.12517356872558595,"y":0.43257248401641848,"z":-0.05995403602719307,"w":0.8910877108573914},"size":232.97222900390626,"orthographic":false}