{"cameraMode":{"drawMode":0,"name":"Shaded","section":"Shading Mode"},"sceneLighting":false,"audioPlay":false,"sceneViewState":{"m_AlwaysRefresh":false,"showFog":true,"showSkybox":false,"showFlares":true,"showImageEffects":true,"showParticleSystems":true,"showVisualEffectGraphs":true,"m_FxEnabled":true},"in2DMode":false,"pivot":{"x":-2.4632906913757326,"y":-1.0815132856369019,"z":7.007831573486328},"rotation":{"x":0.16002042591571809,"y":-0.03584327548742294,"z":0.005815986078232527,"w":0.9865120053291321},"size":7.651554584503174,"orthographic":false}