{"cameraMode":{"drawMode":0,"name":"Shaded","section":"Shading Mode"},"sceneLighting":false,"audioPlay":false,"sceneViewState":{"m_AlwaysRefresh":false,"showFog":true,"showSkybox":false,"showFlares":true,"showImageEffects":true,"showParticleSystems":true,"showVisualEffectGraphs":true,"m_FxEnabled":true},"in2DMode":false,"pivot":{"x":4.113570213317871,"y":-6.6021342277526859,"z":56.79689407348633},"rotation":{"x":-0.3744412660598755,"y":-0.038750842213630679,"z":0.015621020458638668,"w":-0.9264281988143921},"size":25.518186569213868,"orthographic":false}