{"cameraMode":{"drawMode":0,"name":"Shaded","section":"Shading Mode"},"sceneLighting":false,"audioPlay":false,"sceneViewState":{"m_AlwaysRefresh":false,"showFog":true,"showSkybox":false,"showFlares":true,"showImageEffects":true,"showParticleSystems":true,"showVisualEffectGraphs":true,"m_FxEnabled":true},"in2DMode":false,"pivot":{"x":3.5851733684539797,"y":7.5448317527771,"z":28.570541381835939},"rotation":{"x":-0.15693654119968415,"y":0.019463300704956056,"z":-0.0031339034903794529,"w":-0.987533688545227},"size":20.75771713256836,"orthographic":false}