{"cameraMode":{"drawMode":0,"name":"Shaded","section":"Shading Mode"},"sceneLighting":false,"audioPlay":false,"sceneViewState":{"m_AlwaysRefresh":false,"showFog":true,"showSkybox":false,"showFlares":true,"showImageEffects":true,"showParticleSystems":true,"showVisualEffectGraphs":true,"m_FxEnabled":true},"in2DMode":false,"pivot":{"x":2.853278160095215,"y":-81.66332244873047,"z":106.4759750366211},"rotation":{"x":0.4539186954498291,"y":-0.0008299078908748925,"z":0.000826395524200052,"w":0.8911696076393127},"size":71.19275665283203,"orthographic":false}